<?xml version="1.0" encoding="UTF-8" standalone="yes"?>
<addon id="script.tvglobus" name="Globus TV" version="1.2.2" provider-name="raven">
    <requires>
        <import addon="xbmc.python" version="2.1.0"/>
        <import addon="script.module.simplejson" version="2.0.10"/>
        <import addon="script.module.buggalo" version="1.1.2"/>
        <import addon="script.module.pydevd" version="3.4.1"/>
    </requires>
    <extension point="xbmc.python.script" library="addon.py"/>
    <extension point="xbmc.service" library="service.py" start="login" />
    <extension point="xbmc.addon.metadata">
        <summary lang="be">TV Guide with XMLTV and streaming support</summary>
        <summary lang="ca">Guia de TV amb suport de XMLTV i flux de dades</summary>
        <summary lang="da">TV Guide med XMLTV og streaming support</summary>
        <summary lang="de">Globus TV mit XMLTV und Streamingunterstützung</summary>
        <summary lang="el">Οδηγός Τηλεόρασης με XMLTV και υποστήριξη ροών</summary>
        <summary lang="en">Globus TV with XMLTV and streaming support</summary>
        <summary lang="en_US">Globus TV with XMLTV and streaming support</summary>
        <summary lang="es">TV Guide con XMLTV y soporte para streaming</summary>
        <summary lang="fr">Guide TV avec support du XMLTV et du streaming</summary>
        <summary lang="fr_CA">Guide télé avec prise en charge de XMLTV et de la lecture en transit</summary>
        <summary lang="gl">Guía de TV con soporte XMLTV e transmisións</summary>
        <summary lang="he">מדריך תכניות עם תמיכה ב-XMLTV והזרמה</summary>
        <summary lang="hr">TV vodič sa XMLTV podrškom i podrškom streamanja</summary>
        <summary lang="id">Panduan Siaran TV dengan dukungan XMLTV dan streaming</summary>
        <summary lang="it">Guida TV con supporto XMLTV e streaming</summary>
        <summary lang="ko">XMLTV와 스트리밍을 지원하는 TV Guide</summary>
        <summary lang="nl">TVgids met XMLTV en streaming ondersteuning</summary>
        <summary lang="pl">TV Guide obsługujący XMLTV oraz transmisję strumieniową</summary>
        <summary lang="pt">Guia TV com suporte XMLTV e transmissões</summary>
        <summary lang="pt_BR">Guia de TV com XMLTV e suporte para transmissão online</summary>
        <summary lang="sk">TV Program s podporou XMLTV a streamovania</summary>
        <summary lang="sv">TV-guide med XML-TV och strömningsstöd</summary>
        <summary lang="zh">支持XMLTV和流的电视指南</summary>
        <description lang="de">Der TV-Guide gibt Dir einen Überblick, was gerade im TV läuft, so dass man nicht von XBMC wegschalten muss! [CR]EPG-Daten werden über OTTClub Servern zur Verfügung gestellt.[CR][CR] Navigiere mit den Pfeiltasten und wechsle die Seite mittels der Kanalwahltasten +/-. [CR][CR]Wenn Du Kommentare oder Vorschläge zu diesem addon hast, fühl Dich eingeladen, in der Debatte unter http://www.kardsharing-forum.org/kodi/addon-ottclub-globustv/ teilzunehmen.</description>
        <description lang="en">The TV guide gives you an overview on whats on TV right now, so you don't have to change the channel away from XBMC![CR]EPG data can be retrieved from OTTClub URL.[CR][CR]Navigate using the arrow keys and change page using channel + / -.[CR][CR]If you have comments or suggestions for this addon, please feel free to participate in the debate at http://www.kardsharing-forum.org/kodi/addon-ottclub-globustv/</description>
        <description lang="en_US">The TV guide gives you an overview on whats on TV right now, so you don't have to change the channel away from XBMC![CR]EPG data can be retrieved from OTTClub  URL.[CR][CR]Navigate using the arrow keys and change page using channel + / -.[CR][CR]If you have comments or suggestions for this addon, please feel free to participate in the debate at http://www.kardsharing-forum.org/kodi/addon-ottclub-globustv/</description>
        <language></language>
        <platform>all</platform>
        <license>GPLv3</license>
        <forum>http://www.kardsharing-forum.org</forum>
        <website>https://github.com/javathon</website>
        <email>noname@noname.de</email>
        <source>https://github.com/javathon/script.tvglobus/tree/master</source>
    </extension>
</addon>
